P,hujan,curahhujan,jenistanaman,teksturtanah,area,pupuk
56,71.07562236,Sangat Ringan,jagung,Lempung,17800,251
36,73.33636055,Ringan,jagung,Lempung,19500,227
43,99.57981207,Ringan,jagung,Lempung Berpasir,28300,566
44,102.2662445,Ringan,jagung,Lempung Berpasir,14400,307
47,104.1626147,Ringan,jagung,Lempung Berpasir,25700,580
39,88.17251033,Ringan,jagung,Lempung Berpasir,26600,434
35,65.88951188,Sangat Ringan,jagung,Lempung Berpasir,15800,353
42,67.10225139,Sangat Ringan,jagung,Lempung Berpasir,20400,396
59,105.0083144,Ringan,jagung,Lempung,22700,405
52,75.82270467,Ringan,jagung,Lempung Berpasir,23500,523
53,65.49730729,Sangat Ringan,jagung,Lempung,11500,191
35,63.03843397,Sangat Ringan,jagung,Lempung,21400,243
51,96.46380213,Ringan,jagung,Lempung,25100,390
35,83.73280082,Ringan,jagung,Lempung,21400,308
58,63.72358154,Sangat Ringan,jagung,Lempung,15800,174
58,109.024141,Ringan,jagung,Lempung,10300,138
45,84.22969177,Ringan,jagung,Lempung,20800,274
54,70.23401597,Sangat Ringan,jagung,Lempung Berpasir,19800,444
52,103.2234212,Ringan,jagung,Lempung,10500,176
59,108.5054416,Ringan,jagung,Lempung Berpasir,25500,508
51,64.77791424,Sangat Ringan,jagung,Lempung,14000,166
54,107.3198135,Ringan,jagung,Lempung Berpasir,25700,433
57,75.03247667,Ringan,jagung,Lempung,22700,347
38,76.41312437,Ringan,jagung,Lempung,9100,147
44,65.27798457,Sangat Ringan,jagung,Lempung Berpasir,10100,226
35,67.96704792,Sangat Ringan,jagung,Lempung,22200,282
44,107.2681929,Ringan,jagung,Lempung Berpasir,24500,533
58,62.91359494,Sangat Ringan,jagung,Lempung Berpasir,21000,376
51,79.84925393,Ringan,jagung,Lempung Berpasir,9100,201
54,87.75953857,Ringan,jagung,Lempung Berpasir,15700,324
52,78.16077693,Ringan,jagung,Lempung Berpasir,27100,480
39,64.23845455,Sangat Ringan,jagung,Lempung Berpasir,29100,550
48,74.51490791,Ringan,jagung,Lempung,11900,148
45,79.7532896,Ringan,jagung,Lempung,17900,273
55,109.7515385,Ringan,jagung,Lempung Berpasir,29000,588
60,78.06639649,Ringan,jagung,Lempung Berpasir,29000,588
56,60.95197486,Sangat Ringan,jagung,Lempung,22300,365
41,102.0861694,Ringan,jagung,Lempung,28800,470
40,107.2361366,Ringan,jagung,Lempung,17200,208
35,108.7603001,Ringan,jagung,Lempung Berpasir,14100,272
55,84.23613484,Ringan,jagung,Lempung Berpasir,26400,418
51,106.6213157,Ringan,jagung,Lempung,14900,170
41,105.4654703,Ringan,jagung,Lempung Berpasir,27400,484
48,70.43473609,Sangat Ringan,jagung,Lempung,28200,413
39,102.8301942,Ringan,jagung,Lempung Berpasir,24200,395
38,62.49190812,Sangat Ringan,jagung,Lempung Berpasir,16500,324
44,80.72515943,Ringan,jagung,Lempung,24100,349
58,60.65171481,Sangat Ringan,jagung,Lempung Berpasir,25400,485
44,76.72860067,Ringan,jagung,Lempung,23900,283
37,67.61013737,Sangat Ringan,jagung,Lempung Berpasir,16600,263
44,94.76189431,Ringan,jagung,Lempung Berpasir,27400,443
39,87.85092352,Ringan,jagung,Lempung,23600,336
55,78.96159541,Ringan,jagung,Lempung,9800,131
60,107.9124111,Ringan,jagung,Lempung,28700,422
46,66.29390357,Sangat Ringan,jagung,Lempung Berpasir,16700,261
60,69.93293255,Sangat Ringan,jagung,Lempung Berpasir,29900,544
52,63.87020584,Sangat Ringan,jagung,Lempung,27600,432
43,66.71995467,Sangat Ringan,jagung,Lempung,28100,431
49,104.2321615,Ringan,jagung,Lempung,25800,443
57,94.26249353,Ringan,jagung,Lempung Berpasir,10700,223
38,67.72777298,Sangat Ringan,jagung,Lempung Berpasir,12800,254
44,94.29712821,Ringan,jagung,Lempung,17100,279
46,87.9298085,Ringan,jagung,Lempung Berpasir,20000,456
43,71.3195307,Sangat Ringan,jagung,Lempung Berpasir,15600,225
54,83.20711308,Ringan,jagung,Lempung Berpasir,13300,204
58,101.5952794,Ringan,jagung,Lempung Berpasir,18200,397
60,101.7004306,Ringan,jagung,Lempung,25700,329
48,95.71388473,Ringan,jagung,Lempung Berpasir,25900,489
48,93.62039175,Ringan,jagung,Lempung Berpasir,29600,584
48,69.21803098,Sangat Ringan,jagung,Lempung,17900,200
60,62.50351892,Sangat Ringan,jagung,Lempung,27700,352
36,78.34604471,Ringan,jagung,Lempung,26800,416
48,83.21030571,Ringan,jagung,Lempung Berpasir,21800,311
50,97.59081274,Ringan,jagung,Lempung,9800,177
60,88.10234397,Ringan,jagung,Lempung,27000,324
57,98.73771338,Ringan,jagung,Lempung,21200,290
45,96.59195302,Ringan,jagung,Lempung Berpasir,12900,198
37,74.52082026,Ringan,jagung,Lempung Berpasir,11500,243
41,76.68456006,Ringan,jagung,Lempung,14600,240
57,79.74078719,Ringan,jagung,Lempung,9800,117
60,109.2162279,Ringan,jagung,Lempung,13300,177
56,80.97573281,Ringan,jagung,Lempung Berpasir,13500,255
49,102.4852929,Ringan,jagung,Lempung Berpasir,21900,356
57,64.40866039,Sangat Ringan,jagung,Lempung Berpasir,26800,491
60,91.26056654,Ringan,jagung,Lempung Berpasir,26200,449
44,107.4931917,Ringan,jagung,Lempung,29100,338
53,103.651438,Ringan,jagung,Lempung Berpasir,18600,288
35,91.76337172,Ringan,jagung,Lempung Berpasir,24400,539
57,82.34162918,Ringan,jagung,Lempung Berpasir,26500,428
58,65.50861389,Sangat Ringan,jagung,Lempung Berpasir,14800,233
54,72.12375573,Sangat Ringan,jagung,Lempung Berpasir,12700,259
38,100.7689246,Ringan,jagung,Lempung,25300,327
50,88.07753741,Ringan,jagung,Lempung,25200,369
36,88.45361858,Ringan,jagung,Lempung Berpasir,10600,184
43,90.988051,Ringan,jagung,Lempung,28300,335
45,89.9622014,Ringan,jagung,Lempung,18600,281
38,65.43835393,Sangat Ringan,jagung,Lempung,12900,197
49,74.05474936,Ringan,jagung,Lempung,15400,203
60,85.75692395,Ringan,jagung,Lempung Berpasir,14600,319
54,108.8303762,Ringan,jagung,Lempung Berpasir,25600,574
47,263.6372176,Sedang,padi,Lempung Berpasir,11900,193
43,242.3170629,Sedang,padi,Lempung Berpasir,16300,277
42,295.6094492,Sedang,padi,Lempung,18200,241
35,185.9461429,Ringan,padi,Lempung,20700,243
40,298.5601175,Sedang,padi,Lempung,13900,140
44,241.2013513,Sedang,padi,Lempung,13500,122
55,263.9642476,Sedang,padi,Lempung Berpasir,25000,389
42,202.9355362,Ringan,padi,Lempung Berpasir,24900,308
44,257.0343554,Sedang,padi,Lempung Berpasir,12200,149
39,233.0453455,Sedang,padi,Lempung Berpasir,21600,307
53,241.9741949,Sedang,padi,Lempung,12200,159
36,278.0791793,Sedang,padi,Lempung,13600,121
54,233.1321372,Sedang,padi,Lempung Berpasir,9800,173
56,185.2773389,Ringan,padi,Lempung Berpasir,26500,354
59,213.3560921,Ringan,padi,Lempung,19300,261
58,220.1156708,Ringan,padi,Lempung,9500,102
38,224.5550169,Ringan,padi,Lempung Berpasir,15500,252
47,280.4044392,Sedang,padi,Lempung,9900,96
37,251.0549998,Sedang,padi,Lempung Berpasir,26100,419
40,231.3843163,Sedang,padi,Lempung,9900,134
46,194.2651719,Ringan,padi,Lempung Berpasir,22600,376
42,248.7183228,Sedang,padi,Lempung Berpasir,13900,232
56,195.0948311,Ringan,padi,Lempung,18200,188
53,233.7034975,Sedang,padi,Lempung Berpasir,25700,325
58,245.6626799,Sedang,padi,Lempung Berpasir,18300,220
38,283.9338466,Sedang,padi,Lempung Berpasir,21200,298
52,286.5083725,Sedang,padi,Lempung,22900,240
42,262.7173405,Sedang,padi,Lempung Berpasir,9700,150
55,193.3473987,Ringan,padi,Lempung Berpasir,19300,335
60,200.834898,Ringan,padi,Lempung Berpasir,29500,460
36,219.9048349,Ringan,padi,Lempung,9200,101
43,210.8142087,Ringan,padi,Lempung,24000,354
59,271.3586137,Sedang,padi,Lempung,16800,175
43,186.7536773,Ringan,padi,Lempung Berpasir,13600,199
53,257.0038865,Sedang,padi,Lempung,16000,168
54,257.4914906,Sedang,padi,Lempung Berpasir,27200,367
46,191.9535738,Ringan,padi,Lempung,13800,163
60,208.5810155,Ringan,padi,Lempung,18100,217
35,183.6793207,Ringan,padi,Lempung,27600,380
37,188.413665,Ringan,padi,Lempung,13300,184
57,272.2999056,Sedang,padi,Lempung,11900,112
45,185.4974732,Ringan,padi,Lempung Berpasir,27800,364
35,183.6222657,Ringan,padi,Lempung Berpasir,21000,265
45,218.9163567,Ringan,padi,Lempung,29000,401
51,197.9791215,Ringan,padi,Lempung,19900,217
46,263.1103304,Sedang,padi,Lempung,14300,169
35,200.0882787,Ringan,padi,Lempung,15000,217
58,221.2091958,Ringan,padi,Lempung Berpasir,16900,289
52,265.5355937,Sedang,padi,Lempung,10800,151
52,204.8001847,Ringan,padi,Lempung Berpasir,12600,170
41,233.1075816,Sedang,padi,Lempung Berpasir,19600,319
39,285.2493645,Sedang,padi,Lempung Berpasir,14300,214
36,202.3838319,Ringan,padi,Lempung Berpasir,20700,385
57,272.2017204,Sedang,padi,Lempung Berpasir,15200,180
53,223.3671883,Ringan,padi,Lempung,18000,191
58,284.4364567,Sedang,padi,Lempung,15000,182
46,250.0832336,Sedang,padi,Lempung Berpasir,23000,353
45,195.3574542,Ringan,padi,Lempung,17300,218
49,196.9560008,Ringan,padi,Lempung Berpasir,20000,340
54,230.4462359,Sedang,padi,Lempung Berpasir,11700,200
50,209.5869708,Ringan,padi,Lempung,23100,237
40,248.2256491,Sedang,padi,Lempung,19300,187
55,271.3248604,Sedang,padi,Lempung,18000,165
53,270.4417274,Sedang,padi,Lempung Berpasir,16000,251
43,298.4018471,Sedang,padi,Lempung Berpasir,12900,174
57,182.9043504,Ringan,padi,Lempung,17700,236
35,206.2611855,Ringan,padi,Lempung,11800,166
54,198.6730942,Ringan,padi,Lempung Berpasir,9600,167
59,243.5120414,Sedang,padi,Lempung Berpasir,28800,391
35,291.2986618,Sedang,padi,Lempung Berpasir,26700,465
58,279.5451717,Sedang,padi,Lempung,26700,296
53,290.6793783,Sedang,padi,Lempung,25200,303
41,182.5616319,Ringan,padi,Lempung Berpasir,14200,189
53,264.6148697,Sedang,padi,Lempung Berpasir,28800,358
55,253.7202781,Sedang,padi,Lempung Berpasir,25500,309
43,192.3197536,Ringan,padi,Lempung,23000,225
51,256.9964761,Sedang,padi,Lempung,21400,215
56,269.5039162,Sedang,padi,Lempung,17200,184
36,267.9761948,Sedang,padi,Lempung Berpasir,21700,310
50,230.2242223,Sedang,padi,Lempung Berpasir,23200,306
35,242.8640342,Sedang,padi,Lempung Berpasir,29600,324
50,260.2634026,Sedang,padi,Lempung,28400,280
45,260.8875056,Sedang,padi,Lempung,22100,258
49,240.0810647,Sedang,padi,Lempung Berpasir,21600,368
48,231.0863347,Sedang,padi,Lempung,25400,300
37,224.6757231,Ringan,padi,Lempung,19000,218
50,182.6549356,Ringan,padi,Lempung Berpasir,25100,302
45,209.9001977,Ringan,padi,Lempung Berpasir,20600,357
41,200.9133156,Ringan,padi,Lempung Berpasir,9300,139
36,194.5766559,Ringan,padi,Lempung Berpasir,29100,461
38,276.6552459,Sedang,padi,Lempung,12500,119
55,287.5766935,Sedang,padi,Lempung Berpasir,9500,134
54,217.3788583,Ringan,padi,Lempung Berpasir,18100,324
40,245.1511304,Sedang,padi,Lempung,16700,209
47,224.0581164,Ringan,padi,Lempung Berpasir,28100,412
60,227.3637009,Ringan,padi,Lempung Berpasir,20600,311
60,231.7364957,Sedang,padi,Lempung Berpasir,21900,355
58,226.6555374,Ringan,padi,Lempung,20200,312
55,277.9626192,Sedang,padi,Lempung,20800,223
47,295.9248796,Sedang,padi,Lempung,15800,142
60,128.256862,Ringan,kacang merah,Lempung Berpasir,29200,312
70,106.3598183,Ringan,kacang merah,Lempung Berpasir,24400,257
55,109.225556,Ringan,kacang merah,Lempung Berpasir,12800,124
64,140.3717815,Ringan,kacang merah,Lempung,27200,322
61,76.64128258,Ringan,kacang merah,Lempung,12300,118
65,143.0984171,Ringan,kacang merah,Lempung,19100,202
57,60.91974792,Sangat Ringan,kacang merah,Lempung,22900,243
80,104.7783947,Ringan,kacang merah,Lempung,21900,178
59,132.9801054,Ringan,kacang merah,Lempung Berpasir,24000,292
59,130.0608093,Ringan,kacang merah,Lempung,9800,112
58,143.7630894,Ringan,kacang merah,Lempung,26400,203
57,87.99669731,Ringan,kacang merah,Lempung,28700,347
80,144.1567454,Ringan,kacang merah,Lempung Berpasir,24600,254
60,134.3649948,Ringan,kacang merah,Lempung Berpasir,19500,248
78,88.06638775,Ringan,kacang merah,Lempung Berpasir,11000,107
77,69.63833855,Sangat Ringan,kacang merah,Lempung Berpasir,21800,255
79,116.5206923,Ringan,kacang merah,Lempung,18000,150
80,86.21917578,Ringan,kacang merah,Lempung,10000,87
55,137.1948633,Ringan,kacang merah,Lempung,16400,141
65,108.3684316,Ringan,kacang merah,Lempung,14500,117
78,67.71768947,Sangat Ringan,kacang merah,Lempung Berpasir,22800,321
65,144.7902323,Ringan,kacang merah,Lempung Berpasir,13900,202
70,69.44951585,Sangat Ringan,kacang merah,Lempung,21600,242
64,121.9401369,Ringan,kacang merah,Lempung,22400,192
71,82.68554379,Ringan,kacang merah,Lempung Berpasir,27700,352
79,139.7521543,Ringan,kacang merah,Lempung,27100,228
63,108.3441414,Ringan,kacang merah,Lempung,10900,124
80,96.77285817,Ringan,kacang merah,Lempung Berpasir,14600,210
60,100.6711761,Ringan,kacang merah,Lempung Berpasir,16000,220
75,87.0513289,Ringan,kacang merah,Lempung Berpasir,20200,211
77,64.19497947,Sangat Ringan,kacang merah,Lempung Berpasir,27400,381
72,105.4120514,Ringan,kacang merah,Lempung,14300,115
73,61.13872036,Sangat Ringan,kacang merah,Lempung,26500,237
77,106.158201,Ringan,kacang merah,Lempung Berpasir,13500,178
62,139.0302034,Ringan,kacang merah,Lempung Berpasir,25900,287
59,122.3886015,Ringan,kacang merah,Lempung Berpasir,19800,237
59,129.5650601,Ringan,kacang merah,Lempung Berpasir,16100,177
62,120.4509288,Ringan,kacang merah,Lempung Berpasir,12900,190
63,95.17028129,Ringan,kacang merah,Lempung,11300,98
79,96.65888933,Ringan,kacang merah,Lempung,10100,124
72,87.87869161,Ringan,kacang merah,Lempung Berpasir,27500,274
64,138.2362122,Ringan,kacang merah,Lempung Berpasir,27400,394
66,120.6913038,Ringan,kacang merah,Lempung Berpasir,27100,340
57,107.3850593,Ringan,kacang merah,Lempung,23200,284
56,108.6434544,Ringan,kacang merah,Lempung Berpasir,13100,155
77,109.0193712,Ringan,kacang merah,Lempung,15200,164
65,95.84253438,Ringan,kacang merah,Lempung,15600,147
72,60.27552528,Sangat Ringan,kacang merah,Lempung Berpasir,16200,164
60,100.0497183,Ringan,kacang merah,Lempung,27700,222
80,125.0972687,Ringan,kacang merah,Lempung,10300,105
72,113.334026,Ringan,kacang merah,Lempung,21400,198
67,103.2926407,Ringan,kacang merah,Lempung,28500,315
69,75.45328039,Ringan,kacang merah,Lempung Berpasir,15800,226
77,62.21292186,Sangat Ringan,kacang merah,Lempung,22400,174
62,98.77794225,Ringan,kacang merah,Lempung Berpasir,17200,251
71,107.6907964,Ringan,kacang merah,Lempung,12800,96
79,63.38208822,Sangat Ringan,kacang merah,Lempung Berpasir,26700,414
59,87.66898664,Ringan,kacang merah,Lempung,21800,237
63,138.414764,Ringan,kacang merah,Lempung Berpasir,9000,103
56,94.9533526,Ringan,kacang merah,Lempung,14500,150
63,107.7315386,Ringan,kacang merah,Lempung Berpasir,15300,204
67,104.6252153,Ringan,kacang merah,Lempung,9100,106
71,141.6056722,Ringan,kacang merah,Lempung Berpasir,16200,186
74,62.7089169,Sangat Ringan,kacang merah,Lempung Berpasir,12000,150
76,135.3315583,Ringan,kacang merah,Lempung,29200,324
66,125.084915,Ringan,kacang merah,Lempung Berpasir,13500,196
69,107.4137246,Ringan,kacang merah,Lempung Berpasir,24700,259
65,63.59276673,Sangat Ringan,kacang merah,Lempung Berpasir,24100,324
74,146.4727237,Ringan,kacang merah,Lempung,19200,180
67,119.6404412,Ringan,kacang merah,Lempung,23100,222
56,126.7265372,Ringan,kacang merah,Lempung Berpasir,16900,159
59,134.1811718,Ringan,kacang merah,Lempung Berpasir,12000,146
61,135.3378033,Ringan,kacang merah,Lempung,15200,133
80,100.118612,Ringan,kacang merah,Lempung Berpasir,20400,238
61,68.51253427,Sangat Ringan,kacang merah,Lempung Berpasir,24600,288
74,66.97053257,Sangat Ringan,kacang merah,Lempung,9700,97
69,69.14681022,Sangat Ringan,kacang merah,Lempung,15900,160
75,88.88796102,Ringan,kacang merah,Lempung Berpasir,21300,258
68,81.83420522,Ringan,kacang merah,Lempung Berpasir,10900,99
65,109.1013261,Ringan,kacang merah,Lempung,9800,82
79,81.60211243,Ringan,kacang merah,Lempung,9200,75
78,112.6616435,Ringan,kacang merah,Lempung,20500,235
55,143.8584938,Ringan,kacang merah,Lempung Berpasir,26600,380
59,146.4548645,Ringan,kacang merah,Lempung,15900,126
68,116.7324324,Ringan,kacang merah,Lempung Berpasir,24600,282
68,149.7441028,Ringan,kacang merah,Lempung Berpasir,18100,249
64,124.6118471,Ringan,kacang merah,Lempung,27100,202
69,115.199245,Ringan,kacang merah,Lempung,11300,127
67,84.64143632,Ringan,kacang merah,Lempung,23600,278
69,129.3449326,Ringan,kacang merah,Lempung Berpasir,12300,192
73,130.3900798,Ringan,kacang merah,Lempung,26900,268
78,80.15293435,Ringan,kacang merah,Lempung,19400,145
72,64.02640797,Sangat Ringan,kacang merah,Lempung Berpasir,10400,147
67,139.2921004,Ringan,kacang merah,Lempung Berpasir,12400,176
56,76.14153904,Ringan,kacang merah,Lempung Berpasir,25500,378
65,73.36386477,Ringan,kacang merah,Lempung,29900,242
63,100.5978728,Ringan,kacang merah,Lempung,17400,162
70,84.06354115,Ringan,kacang merah,Lempung Berpasir,28500,374
63,133.1914419,Ringan,kacang merah,Lempung,21100,169
60,104.2570723,Ringan,kacang merah,Lempung Berpasir,13900,172
55,54.73367631,Sangat Ringan,kacang hijau,Lempung Berpasir,24100,238
54,38.7976407,Sangat Ringan,kacang hijau,Lempung,13500,135
55,55.296354,Sangat Ringan,kacang hijau,Lempung,18200,204
56,36.35720652,Sangat Ringan,kacang hijau,Lempung,16600,159
56,44.75215854,Sangat Ringan,kacang hijau,Lempung Berpasir,14100,133
57,42.99498978,Sangat Ringan,kacang hijau,Lempung Berpasir,15100,153
59,56.48265193,Sangat Ringan,kacang hijau,Lempung Berpasir,18900,273
51,53.01899249,Sangat Ringan,kacang hijau,Lempung Berpasir,18900,250
49,41.82490236,Sangat Ringan,kacang hijau,Lempung,28900,274
39,46.75690086,Sangat Ringan,kacang hijau,Lempung,30000,316
35,59.87232071,Sangat Ringan,kacang hijau,Lempung,25700,197
52,44.64407105,Sangat Ringan,kacang hijau,Lempung,14700,108
42,44.01206619,Sangat Ringan,kacang hijau,Lempung,25500,271
46,45.91011391,Sangat Ringan,kacang hijau,Lempung Berpasir,29300,417
38,37.54602719,Sangat Ringan,kacang hijau,Lempung Berpasir,13900,153
60,40.77872823,Sangat Ringan,kacang hijau,Lempung,18600,206
53,42.83053902,Sangat Ringan,kacang hijau,Lempung Berpasir,19000,213
58,51.52617423,Sangat Ringan,kacang hijau,Lempung Berpasir,15000,189
35,49.11964582,Sangat Ringan,kacang hijau,Lempung Berpasir,25700,248
53,57.65901369,Sangat Ringan,kacang hijau,Lempung,26500,247
47,43.1386631,Sangat Ringan,kacang hijau,Lempung,17400,145
53,48.54598575,Sangat Ringan,kacang hijau,Lempung Berpasir,18900,264
45,56.76278363,Sangat Ringan,kacang hijau,Lempung Berpasir,17600,210
37,37.31236904,Sangat Ringan,kacang hijau,Lempung Berpasir,20600,238
60,56.51103293,Sangat Ringan,kacang hijau,Lempung Berpasir,16100,186
45,37.01110438,Sangat Ringan,kacang hijau,Lempung Berpasir,28300,352
57,50.47333854,Sangat Ringan,kacang hijau,Lempung Berpasir,20200,290
57,57.79863368,Sangat Ringan,kacang hijau,Lempung,20200,236
57,44.56598352,Sangat Ringan,kacang hijau,Lempung,24500,192
59,56.68833819,Sangat Ringan,kacang hijau,Lempung Berpasir,28100,357
41,59.87065439,Sangat Ringan,kacang hijau,Lempung Berpasir,29300,398
48,48.48319335,Sangat Ringan,kacang hijau,Lempung Berpasir,16400,179
36,48.56690235,Sangat Ringan,kacang hijau,Lempung,14900,164
36,43.80041104,Sangat Ringan,kacang hijau,Lempung,9700,99
59,36.94616965,Sangat Ringan,kacang hijau,Lempung,21000,198
48,53.43228915,Sangat Ringan,kacang hijau,Lempung,17600,165
50,50.49913241,Sangat Ringan,kacang hijau,Lempung Berpasir,22500,277
40,45.04467075,Sangat Ringan,kacang hijau,Lempung,14500,157
43,58.37249772,Sangat Ringan,kacang hijau,Lempung Berpasir,24600,275
57,40.12044158,Sangat Ringan,kacang hijau,Lempung Berpasir,22400,316
60,51.09802625,Sangat Ringan,kacang hijau,Lempung Berpasir,18200,255
59,58.86687093,Sangat Ringan,kacang hijau,Lempung,29800,271
60,56.04995423,Sangat Ringan,kacang hijau,Lempung Berpasir,16000,195
47,58.41394143,Sangat Ringan,kacang hijau,Lempung Berpasir,26500,369
45,54.96121262,Sangat Ringan,kacang hijau,Lempung,23300,197
39,49.61865305,Sangat Ringan,kacang hijau,Lempung,26900,309
40,52.84626009,Sangat Ringan,kacang hijau,Lempung Berpasir,28400,365
48,55.03723979,Sangat Ringan,kacang hijau,Lempung Berpasir,12700,171
59,54.62243308,Sangat Ringan,kacang hijau,Lempung Berpasir,9300,109
48,59.03629954,Sangat Ringan,kacang hijau,Lempung,9200,100
43,52.93031105,Sangat Ringan,kacang hijau,Lempung,9800,116
46,56.52558045,Sangat Ringan,kacang hijau,Lempung,24200,235
47,53.15223123,Sangat Ringan,kacang hijau,Lempung Berpasir,22600,293
44,50.46746116,Sangat Ringan,kacang hijau,Lempung,15900,165
58,39.23831035,Sangat Ringan,kacang hijau,Lempung,14200,109
40,44.17580911,Sangat Ringan,kacang hijau,Lempung,26800,193
38,45.48591922,Sangat Ringan,kacang hijau,Lempung Berpasir,12500,158
48,56.09542002,Sangat Ringan,kacang hijau,Lempung Berpasir,21600,267
49,41.39081525,Sangat Ringan,kacang hijau,Lempung,17600,201
38,57.99524359,Sangat Ringan,kacang hijau,Lempung,19900,190
58,43.15411472,Sangat Ringan,kacang hijau,Lempung,20000,146
44,50.91511275,Sangat Ringan,kacang hijau,Lempung,14600,126
59,43.78420984,Sangat Ringan,kacang hijau,Lempung Berpasir,26400,339
48,49.50812624,Sangat Ringan,kacang hijau,Lempung,24500,280
41,36.45012824,Sangat Ringan,kacang hijau,Lempung,11900,97
52,37.45680611,Sangat Ringan,kacang hijau,Lempung Berpasir,13000,162
48,53.79732545,Sangat Ringan,kacang hijau,Lempung,23100,213
41,37.44800463,Sangat Ringan,kacang hijau,Lempung,21800,194
37,54.7960127,Sangat Ringan,kacang hijau,Lempung,13000,129
35,40.53173216,Sangat Ringan,kacang hijau,Lempung,22900,225
41,50.9246554,Sangat Ringan,kacang hijau,Lempung Berpasir,19100,268
50,56.01913159,Sangat Ringan,kacang hijau,Lempung,17600,134
35,58.18713162,Sangat Ringan,kacang hijau,Lempung Berpasir,17800,209
37,48.9366954,Sangat Ringan,kacang hijau,Lempung,14700,176
39,42.02483277,Sangat Ringan,kacang hijau,Lempung,21100,223
45,43.05130077,Sangat Ringan,kacang hijau,Lempung,12700,101
37,39.26137642,Sangat Ringan,kacang hijau,Lempung,15100,155
51,50.01534317,Sangat Ringan,kacang hijau,Lempung Berpasir,26800,289
56,51.53848218,Sangat Ringan,kacang hijau,Lempung,29800,284
40,53.35486977,Sangat Ringan,kacang hijau,Lempung,17300,168
36,36.12042927,Sangat Ringan,kacang hijau,Lempung,15000,140
37,38.14476781,Sangat Ringan,kacang hijau,Lempung,15800,158
47,40.16545979,Sangat Ringan,kacang hijau,Lempung,12300,110
44,50.66487502,Sangat Ringan,kacang hijau,Lempung Berpasir,18200,227
59,43.95183726,Sangat Ringan,kacang hijau,Lempung Berpasir,26400,327
56,58.29933073,Sangat Ringan,kacang hijau,Lempung Berpasir,23200,304
45,43.25095608,Sangat Ringan,kacang hijau,Lempung Berpasir,21900,278
39,44.47427436,Sangat Ringan,kacang hijau,Lempung Berpasir,12000,178
37,59.84499208,Sangat Ringan,kacang hijau,Lempung Berpasir,23000,317
37,43.4826194,Sangat Ringan,kacang hijau,Lempung Berpasir,18500,222
54,49.4897245,Sangat Ringan,kacang hijau,Lempung Berpasir,23100,306
51,48.30159325,Sangat Ringan,kacang hijau,Lempung,23200,212
54,41.013132,Sangat Ringan,kacang hijau,Lempung,18000,145
45,43.12063289,Sangat Ringan,kacang hijau,Lempung,10600,109
40,44.30070517,Sangat Ringan,kacang hijau,Lempung Berpasir,11300,168
37,58.52974279,Sangat Ringan,kacang hijau,Lempung,17400,130
44,43.25726752,Sangat Ringan,kacang hijau,Lempung,18700,153
45,37.2464655,Sangat Ringan,kacang hijau,Lempung Berpasir,10100,143
45,56.12443206,Sangat Ringan,kacang hijau,Lempung,27800,218
48,52.55469976,Sangat Ringan,kacang hijau,Lempung Berpasir,26900,350
25,53.65742581,Sangat Ringan,semangka,Pasir Berlempung,27400,1661
19,46.87420883,Sangat Ringan,semangka,Lempung Berpasir,28600,1720
30,57.04147057,Sangat Ringan,semangka,Lempung Berpasir,14700,852
8,57.95826144,Sangat Ringan,semangka,Lempung Berpasir,17000,893
22,41.87540028,Sangat Ringan,semangka,Pasir Berlempung,19700,1128
26,49.11618732,Sangat Ringan,semangka,Pasir Berlempung,23400,1511
27,57.79652846,Sangat Ringan,semangka,Lempung Berpasir,13200,968
22,59.46338556,Sangat Ringan,semangka,Lempung Berpasir,27300,1417
22,54.60159289,Sangat Ringan,semangka,Lempung Berpasir,9800,499
13,44.07843475,Sangat Ringan,semangka,Pasir Berlempung,19800,1115
25,57.72799157,Sangat Ringan,semangka,Pasir Berlempung,13300,698
15,53.78929956,Sangat Ringan,semangka,Pasir Berlempung,28300,1759
10,57.57343233,Sangat Ringan,semangka,Lempung Berpasir,16600,821
9,40.794305,Sangat Ringan,semangka,Lempung Berpasir,9900,775
17,43.08961827,Sangat Ringan,semangka,Pasir Berlempung,22300,1080
12,44.22066914,Sangat Ringan,semangka,Pasir Berlempung,22300,1084
14,57.74091817,Sangat Ringan,semangka,Lempung Berpasir,18200,1105
21,57.44942094,Sangat Ringan,semangka,Lempung Berpasir,22100,1353
18,58.79889057,Sangat Ringan,semangka,Pasir Berlempung,23900,1467
17,44.20656987,Sangat Ringan,semangka,Pasir Berlempung,15100,702
14,59.65590798,Sangat Ringan,semangka,Pasir Berlempung,22600,1045
8,49.48575692,Sangat Ringan,semangka,Lempung Berpasir,29500,1867
19,56.45229202,Sangat Ringan,semangka,Lempung Berpasir,25000,1259
16,40.12650421,Sangat Ringan,semangka,Pasir Berlempung,15500,798
29,46.05122728,Sangat Ringan,semangka,Pasir Berlempung,15900,759
9,46.85176955,Sangat Ringan,semangka,Pasir Berlempung,10000,473
21,48.32113628,Sangat Ringan,semangka,Pasir Berlempung,27200,1621
5,57.23028471,Sangat Ringan,semangka,Pasir Berlempung,24900,1294
28,55.29563514,Sangat Ringan,semangka,Pasir Berlempung,9100,572
29,48.45978627,Sangat Ringan,semangka,Lempung Berpasir,18300,876
15,48.01138482,Sangat Ringan,semangka,Lempung Berpasir,28300,1503
21,54.82963379,Sangat Ringan,semangka,Pasir Berlempung,27400,1725
14,57.26773002,Sangat Ringan,semangka,Lempung Berpasir,10800,737
5,51.19470197,Sangat Ringan,semangka,Lempung Berpasir,25600,1548
8,49.43050977,Sangat Ringan,semangka,Lempung Berpasir,20500,1480
22,53.33484977,Sangat Ringan,semangka,Lempung Berpasir,9300,578
7,44.3993381,Sangat Ringan,semangka,Pasir Berlempung,23400,1402
27,54.30660782,Sangat Ringan,semangka,Lempung Berpasir,21000,1465
10,46.06193778,Sangat Ringan,semangka,Pasir Berlempung,19200,1167
16,48.47833278,Sangat Ringan,semangka,Pasir Berlempung,9400,528
18,56.47941847,Sangat Ringan,semangka,Pasir Berlempung,11800,616
7,43.52897517,Sangat Ringan,semangka,Pasir Berlempung,21400,1255
6,42.10681516,Sangat Ringan,semangka,Pasir Berlempung,12600,725
5,57.40847165,Sangat Ringan,semangka,Pasir Berlempung,25800,1263
16,51.75212401,Sangat Ringan,semangka,Pasir Berlempung,14700,848
20,57.05709413,Sangat Ringan,semangka,Pasir Berlempung,21400,1167
25,58.48160844,Sangat Ringan,semangka,Pasir Berlempung,15000,893
7,55.74073582,Sangat Ringan,semangka,Lempung Berpasir,20500,1103
28,55.49541453,Sangat Ringan,semangka,Lempung Berpasir,11000,566
25,49.29456609,Sangat Ringan,semangka,Lempung Berpasir,12900,850
25,49.08553937,Sangat Ringan,semangka,Pasir Berlempung,26000,1398
16,50.55710813,Sangat Ringan,semangka,Lempung Berpasir,12700,757
12,54.65423596,Sangat Ringan,semangka,Pasir Berlempung,11200,754
23,51.70497792,Sangat Ringan,semangka,Lempung Berpasir,28000,1797
25,48.11248366,Sangat Ringan,semangka,Pasir Berlempung,18200,1027
28,51.26046418,Sangat Ringan,semangka,Lempung Berpasir,16800,789
21,48.58241822,Sangat Ringan,semangka,Pasir Berlempung,23400,1589
20,54.22722466,Sangat Ringan,semangka,Pasir Berlempung,13500,957
7,56.39962921,Sangat Ringan,semangka,Pasir Berlempung,20100,1088
6,51.70699144,Sangat Ringan,semangka,Pasir Berlempung,24500,1379
13,56.34144589,Sangat Ringan,semangka,Lempung Berpasir,14000,931
17,44.63907691,Sangat Ringan,semangka,Pasir Berlempung,21900,1233
6,46.06382209,Sangat Ringan,semangka,Lempung Berpasir,29800,2165
10,45.24690619,Sangat Ringan,semangka,Pasir Berlempung,12400,759
11,40.32161859,Sangat Ringan,semangka,Pasir Berlempung,20200,1231
25,44.20899581,Sangat Ringan,semangka,Lempung Berpasir,17400,1006
7,54.7657624,Sangat Ringan,semangka,Pasir Berlempung,18400,905
12,48.31219031,Sangat Ringan,semangka,Lempung Berpasir,10600,623
22,53.14626213,Sangat Ringan,semangka,Pasir Berlempung,15200,751
19,49.52320689,Sangat Ringan,semangka,Lempung Berpasir,29300,2123
22,58.97878791,Sangat Ringan,semangka,Lempung Berpasir,9600,552
30,46.59207341,Sangat Ringan,semangka,Pasir Berlempung,28200,1870
14,59.67927244,Sangat Ringan,semangka,Pasir Berlempung,14700,860
23,42.91292205,Sangat Ringan,semangka,Lempung Berpasir,29100,1557
16,59.75980023,Sangat Ringan,semangka,Pasir Berlempung,12200,821
5,41.16554802,Sangat Ringan,semangka,Lempung Berpasir,13600,805
7,51.51033554,Sangat Ringan,semangka,Lempung Berpasir,29900,1713
18,47.81847573,Sangat Ringan,semangka,Pasir Berlempung,16500,1147
5,50.78669728,Sangat Ringan,semangka,Lempung Berpasir,24300,1151
23,40.228644,Sangat Ringan,semangka,Lempung Berpasir,22500,1229
30,43.87712348,Sangat Ringan,semangka,Pasir Berlempung,26000,1284
10,48.75859458,Sangat Ringan,semangka,Pasir Berlempung,9200,493
11,44.2068997,Sangat Ringan,semangka,Lempung Berpasir,14700,991
21,57.51549686,Sangat Ringan,semangka,Pasir Berlempung,23700,1440
6,40.71210074,Sangat Ringan,semangka,Pasir Berlempung,20300,1325
20,59.26519444,Sangat Ringan,semangka,Lempung Berpasir,24200,1197
7,54.38748495,Sangat Ringan,semangka,Pasir Berlempung,14900,1008
24,46.76837499,Sangat Ringan,semangka,Pasir Berlempung,23800,1604
21,47.46447019,Sangat Ringan,semangka,Pasir Berlempung,10300,447
25,56.72496677,Sangat Ringan,semangka,Pasir Berlempung,26600,1559
25,48.99390828,Sangat Ringan,semangka,Lempung Berpasir,16900,1226
10,42.00660251,Sangat Ringan,semangka,Lempung Berpasir,15600,1054
22,54.49960057,Sangat Ringan,semangka,Lempung Berpasir,25200,1916
14,56.31866159,Sangat Ringan,semangka,Pasir Berlempung,10200,633
30,47.72078245,Sangat Ringan,semangka,Lempung Berpasir,9600,515
12,58.28697664,Sangat Ringan,semangka,Lempung Berpasir,22700,1706
7,48.32428609,Sangat Ringan,semangka,Lempung Berpasir,12600,753
18,41.53218699,Sangat Ringan,semangka,Lempung Berpasir,29000,1773
23,43.97193745,Sangat Ringan,semangka,Lempung Berpasir,20400,1539
24,58.54876687,Sangat Ringan,semangka,Pasir Berlempung,27000,1585
17,28.08253201,Sangat Ringan,melon,Liat Berpasir,14100,989
27,26.32405487,Sangat Ringan,melon,Liat Berpasir,11400,606
25,22.52497327,Sangat Ringan,melon,Liat Berpasir,28800,1565
18,20.76223014,Sangat Ringan,melon,Liat Berpasir,26100,1484
26,28.16057247,Sangat Ringan,melon,Pasir Berlempung,12200,706
25,26.26243014,Sangat Ringan,melon,Liat Berpasir,13200,898
24,21.30290472,Sangat Ringan,melon,Pasir Berlempung,14400,983
30,25.93496537,Sangat Ringan,melon,Pasir Berlempung,24500,1416
6,25.21609113,Sangat Ringan,melon,Pasir Berlempung,16400,779
26,26.23838511,Sangat Ringan,melon,Liat Berpasir,24700,2035
30,29.86681385,Sangat Ringan,melon,Pasir Berlempung,10200,560
9,29.1194739,Sangat Ringan,melon,Liat Berpasir,16400,1024
7,25.33014238,Sangat Ringan,melon,Pasir Berlempung,17800,818
21,21.08484101,Sangat Ringan,melon,Liat Berpasir,29800,1912
26,21.58992507,Sangat Ringan,melon,Pasir Berlempung,15400,994
27,20.88620369,Sangat Ringan,melon,Pasir Berlempung,10100,602
5,26.83924845,Sangat Ringan,melon,Pasir Berlempung,27600,1290
14,21.26034986,Sangat Ringan,melon,Pasir Berlempung,13300,710
18,26.70581328,Sangat Ringan,melon,Liat Berpasir,12200,789
14,29.1102594,Sangat Ringan,melon,Pasir Berlempung,20300,1164
9,28.78654515,Sangat Ringan,melon,Liat Berpasir,22700,1666
6,23.66620626,Sangat Ringan,melon,Liat Berpasir,21600,1886
12,27.56918621,Sangat Ringan,melon,Pasir Berlempung,18900,850
13,27.95602304,Sangat Ringan,melon,Liat Berpasir,29400,2397
25,20.36001144,Sangat Ringan,melon,Liat Berpasir,25600,1934
25,24.52020164,Sangat Ringan,melon,Pasir Berlempung,25000,1140
21,23.69586761,Sangat Ringan,melon,Liat Berpasir,22100,1874
25,22.68766503,Sangat Ringan,melon,Liat Berpasir,22200,1502
24,22.81863447,Sangat Ringan,melon,Liat Berpasir,14400,992
25,28.70627683,Sangat Ringan,melon,Pasir Berlempung,20600,1377
17,26.52364146,Sangat Ringan,melon,Pasir Berlempung,21600,1389
25,23.44398467,Sangat Ringan,melon,Liat Berpasir,22900,1631
25,23.56130173,Sangat Ringan,melon,Liat Berpasir,14500,918
11,29.44008034,Sangat Ringan,melon,Liat Berpasir,20300,1427
26,28.69113835,Sangat Ringan,melon,Pasir Berlempung,29000,1806
17,25.37828397,Sangat Ringan,melon,Pasir Berlempung,9600,497
25,21.7508774,Sangat Ringan,melon,Pasir Berlempung,9600,575
8,28.36535596,Sangat Ringan,melon,Pasir Berlempung,12100,791
13,23.28207838,Sangat Ringan,melon,Pasir Berlempung,29700,1430
22,25.1290048,Sangat Ringan,melon,Liat Berpasir,28700,2439
13,26.51924782,Sangat Ringan,melon,Pasir Berlempung,9400,631
23,26.47844429,Sangat Ringan,melon,Pasir Berlempung,18600,1232
22,24.93861254,Sangat Ringan,melon,Liat Berpasir,13700,1069
23,21.19014526,Sangat Ringan,melon,Liat Berpasir,13100,1006
10,20.21126747,Sangat Ringan,melon,Liat Berpasir,12000,849
12,22.21807088,Sangat Ringan,melon,Liat Berpasir,24900,1904
20,20.49035619,Sangat Ringan,melon,Liat Berpasir,25000,1527
11,21.9653077,Sangat Ringan,melon,Liat Berpasir,18900,1256
19,25.16359891,Sangat Ringan,melon,Liat Berpasir,21600,1202
26,23.49535234,Sangat Ringan,melon,Pasir Berlempung,18400,1071
20,27.27899847,Sangat Ringan,melon,Pasir Berlempung,28700,1524
17,26.30820876,Sangat Ringan,melon,Liat Berpasir,10300,550
7,26.85422624,Sangat Ringan,melon,Liat Berpasir,19300,1229
22,21.90440445,Sangat Ringan,melon,Liat Berpasir,17800,1087
21,20.66127836,Sangat Ringan,melon,Liat Berpasir,28300,2052
12,20.76212031,Sangat Ringan,melon,Pasir Berlempung,28400,1506
12,28.94766949,Sangat Ringan,melon,Liat Berpasir,15100,1135
14,26.01909355,Sangat Ringan,melon,Pasir Berlempung,23600,1264
9,28.75226067,Sangat Ringan,melon,Pasir Berlempung,25000,1020
16,24.4514648,Sangat Ringan,melon,Pasir Berlempung,20800,1111
7,25.09484511,Sangat Ringan,melon,Liat Berpasir,22800,1949
6,22.84203589,Sangat Ringan,melon,Liat Berpasir,10800,704
20,24.34814338,Sangat Ringan,melon,Liat Berpasir,12700,798
29,20.39020503,Sangat Ringan,melon,Liat Berpasir,20500,1264
5,21.17924769,Sangat Ringan,melon,Liat Berpasir,26400,1580
5,21.0000988,Sangat Ringan,melon,Pasir Berlempung,24500,1658
15,22.06207161,Sangat Ringan,melon,Liat Berpasir,20600,1595
11,27.8659442,Sangat Ringan,melon,Liat Berpasir,12000,890
15,27.5987178,Sangat Ringan,melon,Pasir Berlempung,18400,1104
30,26.0365768,Sangat Ringan,melon,Pasir Berlempung,21700,1211
12,21.01796432,Sangat Ringan,melon,Liat Berpasir,14200,939
25,21.84869328,Sangat Ringan,melon,Pasir Berlempung,21600,1265
11,24.15591199,Sangat Ringan,melon,Pasir Berlempung,18000,1259
5,26.88372572,Sangat Ringan,melon,Liat Berpasir,28000,2285
18,25.32159689,Sangat Ringan,melon,Pasir Berlempung,20800,923
22,21.61893763,Sangat Ringan,melon,Pasir Berlempung,12800,849
18,24.05207925,Sangat Ringan,melon,Pasir Berlempung,13100,883
18,22.25838137,Sangat Ringan,melon,Liat Berpasir,10400,646
28,24.44267592,Sangat Ringan,melon,Liat Berpasir,11000,834
18,22.06994464,Sangat Ringan,melon,Pasir Berlempung,19000,1321
20,21.44532907,Sangat Ringan,melon,Liat Berpasir,9600,611
22,28.83568362,Sangat Ringan,melon,Liat Berpasir,25400,1802
25,29.11187663,Sangat Ringan,melon,Liat Berpasir,14500,1005
15,23.20076686,Sangat Ringan,melon,Liat Berpasir,29500,1944
16,23.28618248,Sangat Ringan,melon,Pasir Berlempung,19400,1138
5,24.84266123,Sangat Ringan,melon,Liat Berpasir,26300,1880
21,24.69720481,Sangat Ringan,melon,Liat Berpasir,10100,754
23,27.26588346,Sangat Ringan,melon,Pasir Berlempung,9400,408
29,26.48240255,Sangat Ringan,melon,Pasir Berlempung,10100,663
11,27.14509034,Sangat Ringan,melon,Pasir Berlempung,13700,871
18,20.76582087,Sangat Ringan,melon,Pasir Berlempung,13500,830
21,27.21244021,Sangat Ringan,melon,Liat Berpasir,28900,1793
8,28.22908103,Sangat Ringan,melon,Pasir Berlempung,13700,824
6,28.98574189,Sangat Ringan,melon,Liat Berpasir,24000,1955
25,25.08146686,Sangat Ringan,melon,Pasir Berlempung,21000,955
13,21.13545688,Sangat Ringan,melon,Liat Berpasir,13100,899
26,24.20007242,Sangat Ringan,melon,Liat Berpasir,16000,969
21,23.0362503,Sangat Ringan,melon,Liat Berpasir,21300,1178
15,23.65747461,Sangat Ringan,melon,Liat Berpasir,19900,1136
16,24.7458198,Sangat Ringan,melon,Liat Berpasir,23800,1449
128,110.4317855,Ringan,apel,Lempung Berpasir,9700,741
144,114.0512495,Ringan,apel,Lempung Berpasir,25500,1874
128,116.0396587,Ringan,apel,Lempung Berpasir,16500,1086
120,122.233323,Ringan,apel,Lempung Berpasir,23200,1668
129,116.0777931,Ringan,apel,Liat Berpasir,24300,1911
137,117.7296726,Ringan,apel,Lempung Berpasir,22200,1469
139,105.5473627,Ringan,apel,Lempung Berpasir,12300,930
123,121.1349176,Ringan,apel,Lempung Berpasir,28900,1887
144,117.0761277,Ringan,apel,Lempung Berpasir,21300,1634
124,112.6676589,Ringan,apel,Lempung Berpasir,15800,1045
122,106.1417017,Ringan,apel,Liat Berpasir,24000,1902
121,123.5977843,Ringan,apel,Liat Berpasir,22200,2229
126,108.183792,Ringan,apel,Lempung Berpasir,29600,2727
139,105.3558408,Ringan,apel,Liat Berpasir,12700,1268
133,104.2298028,Ringan,apel,Lempung Berpasir,20700,1340
143,102.2648546,Ringan,apel,Liat Berpasir,27500,2957
140,104.4267991,Ringan,apel,Lempung Berpasir,16200,1461
137,108.3405879,Ringan,apel,Liat Berpasir,11100,1181
121,114.8407725,Ringan,apel,Lempung Berpasir,14800,1295
144,104.6472986,Ringan,apel,Lempung Berpasir,21000,1263
128,107.8737015,Ringan,apel,Lempung Berpasir,20300,1730
128,121.4977331,Ringan,apel,Lempung Berpasir,22500,1896
143,109.8852597,Ringan,apel,Lempung Berpasir,14800,1452
140,115.1781396,Ringan,apel,Lempung Berpasir,19200,1499
144,119.1025189,Ringan,apel,Liat Berpasir,13600,1254
141,109.0658471,Ringan,apel,Lempung Berpasir,18200,1697
144,105.6941544,Ringan,apel,Lempung Berpasir,23200,2079
143,107.855225,Ringan,apel,Liat Berpasir,9400,762
137,102.8017203,Ringan,apel,Lempung Berpasir,20100,1869
144,104.5086618,Ringan,apel,Lempung Berpasir,22600,1442
126,107.1728191,Ringan,apel,Lempung Berpasir,19900,1197
120,108.6211833,Ringan,apel,Lempung Berpasir,29700,2474
143,122.1952483,Ringan,apel,Lempung Berpasir,26800,2584
141,104.5412275,Ringan,apel,Liat Berpasir,26400,2342
142,101.8474768,Ringan,apel,Lempung Berpasir,26000,2422
138,124.3915101,Ringan,apel,Lempung Berpasir,10000,811
125,116.7366261,Ringan,apel,Liat Berpasir,12300,1351
121,120.1593771,Ringan,apel,Lempung Berpasir,19800,1236
122,107.1843273,Ringan,apel,Lempung Berpasir,25300,1918
123,120.4359949,Ringan,apel,Liat Berpasir,26500,2822
121,112.3126628,Ringan,apel,Liat Berpasir,27300,2935
137,123.5900822,Ringan,apel,Lempung Berpasir,27000,1817
135,105.0241329,Ringan,apel,Lempung Berpasir,28500,1809
144,102.8045658,Ringan,apel,Liat Berpasir,13700,1147
123,124.9831618,Ringan,apel,Lempung Berpasir,25700,1827
133,117.6102915,Ringan,apel,Liat Berpasir,17000,1786
130,120.0586671,Ringan,apel,Lempung Berpasir,22000,1775
143,100.6192543,Ringan,apel,Liat Berpasir,21500,2028
143,121.8961665,Ringan,apel,Liat Berpasir,15300,1294
122,112.8954016,Ringan,apel,Liat Berpasir,16800,1319
125,113.0688155,Ringan,apel,Liat Berpasir,27200,2177
139,107.9868949,Ringan,apel,Lempung Berpasir,21300,1676
123,111.7763395,Ringan,apel,Lempung Berpasir,18400,1580
136,114.7399101,Ringan,apel,Lempung Berpasir,24100,2015
131,124.2179699,Ringan,apel,Lempung Berpasir,29300,2388
140,105.0508234,Ringan,apel,Liat Berpasir,26700,2354
138,105.4004751,Ringan,apel,Lempung Berpasir,23800,1823
127,100.9343903,Ringan,apel,Lempung Berpasir,14700,1053
145,109.5966791,Ringan,apel,Lempung Berpasir,29800,2609
139,116.6912176,Ringan,apel,Liat Berpasir,24100,1682
126,118.3979065,Ringan,apel,Lempung Berpasir,20300,1246
136,117.5314026,Ringan,apel,Lempung Berpasir,29100,1899
124,109.5852253,Ringan,apel,Lempung Berpasir,10300,989
138,103.6838922,Ringan,apel,Lempung Berpasir,23000,2078
136,103.0548094,Ringan,apel,Liat Berpasir,18000,1410
134,114.7412734,Ringan,apel,Lempung Berpasir,14700,1476
143,116.9256766,Ringan,apel,Lempung Berpasir,27900,1719
120,116.7036582,Ringan,apel,Liat Berpasir,28300,2602
145,109.3383552,Ringan,apel,Liat Berpasir,29500,2177
141,115.4789148,Ringan,apel,Lempung Berpasir,19200,1759
123,115.3830068,Ringan,apel,Liat Berpasir,26100,2652
136,107.7697413,Ringan,apel,Liat Berpasir,28300,2938
136,105.8554351,Ringan,apel,Liat Berpasir,13700,1368
141,104.9116663,Ringan,apel,Liat Berpasir,10600,1087
129,122.1449949,Ringan,apel,Liat Berpasir,26800,1889
138,121.6622761,Ringan,apel,Liat Berpasir,27200,2546
137,118.6044645,Ringan,apel,Liat Berpasir,25100,2339
132,108.2166601,Ringan,apel,Liat Berpasir,27700,2649
139,121.6961761,Ringan,apel,Liat Berpasir,16300,1085
125,102.5565807,Ringan,apel,Lempung Berpasir,12400,1143
143,122.5391946,Ringan,apel,Liat Berpasir,16800,1503
144,107.0289866,Ringan,apel,Lempung Berpasir,11100,1002
143,117.6602827,Ringan,apel,Lempung Berpasir,13000,977
135,100.825956,Ringan,apel,Lempung Berpasir,18400,1611
130,112.9203223,Ringan,apel,Lempung Berpasir,13800,1050
142,123.6495149,Ringan,apel,Liat Berpasir,11500,1166
129,118.6832725,Ringan,apel,Liat Berpasir,29700,1992
135,113.7759219,Ringan,apel,Liat Berpasir,17100,1367
145,113.9760462,Ringan,apel,Lempung Berpasir,27700,2605
121,110.712841,Ringan,apel,Liat Berpasir,18300,1749
131,102.7230739,Ringan,apel,Liat Berpasir,23100,2195
140,116.7431319,Ringan,apel,Lempung Berpasir,23600,1750
138,122.7418744,Ringan,apel,Lempung Berpasir,9400,818
140,113.0381382,Ringan,apel,Lempung Berpasir,10000,688
145,110.9804014,Ringan,apel,Liat Berpasir,20200,1771
120,119.6335548,Ringan,apel,Lempung Berpasir,20400,1515
132,100.1173443,Ringan,apel,Lempung Berpasir,29600,2277
137,120.6310784,Ringan,apel,Lempung Berpasir,21800,1285
144,115.3611268,Ringan,apel,Lempung Berpasir,19700,1715
140,124.4683112,Ringan,apel,Liat Berpasir,14200,1321
30,119.035002,Ringan,jeruk,Lempung,24400,1130
6,101.2847738,Ringan,jeruk,Lempung Berpasir,27100,2307
13,111.2266885,Ringan,jeruk,Lempung,9300,535
16,114.6659511,Ringan,jeruk,Lempung Berpasir,19500,1806
7,111.1727497,Ringan,jeruk,Lempung Berpasir,21300,1567
27,114.1339416,Ringan,jeruk,Lempung Berpasir,14200,1037
23,112.5424199,Ringan,jeruk,Lempung,24900,1700
18,114.4161786,Ringan,jeruk,Lempung,22000,1283
24,106.0711985,Ringan,jeruk,Lempung Berpasir,22200,1884
23,102.6958703,Ringan,jeruk,Lempung Berpasir,22300,1547
17,118.4901697,Ringan,jeruk,Lempung Berpasir,9400,715
12,117.3695296,Ringan,jeruk,Lempung Berpasir,12100,1167
9,109.6894658,Ringan,jeruk,Lempung Berpasir,18200,1355
7,100.1961762,Ringan,jeruk,Lempung Berpasir,25200,2158
18,116.3796525,Ringan,jeruk,Lempung,12900,835
11,111.7803734,Ringan,jeruk,Lempung,21300,1205
8,103.5684926,Ringan,jeruk,Lempung,19300,1502
17,102.835632,Ringan,jeruk,Lempung Berpasir,25300,2359
5,103.923226,Ringan,jeruk,Lempung,28800,1412
8,111.2948115,Ringan,jeruk,Lempung,13500,958
13,101.4705704,Ringan,jeruk,Lempung,18400,1031
25,116.450422,Ringan,jeruk,Lempung,23800,1272
7,105.2132259,Ringan,jeruk,Lempung,27700,1442
23,110.3332655,Ringan,jeruk,Lempung Berpasir,19400,1232
14,110.6823944,Ringan,jeruk,Lempung,9800,714
7,115.7659902,Ringan,jeruk,Lempung Berpasir,15400,977
29,117.3688104,Ringan,jeruk,Lempung,16200,868
14,115.5683776,Ringan,jeruk,Lempung,27200,1885
8,110.2223123,Ringan,jeruk,Lempung,23700,1264
18,119.1709113,Ringan,jeruk,Lempung Berpasir,24600,2073
25,113.3302105,Ringan,jeruk,Lempung,13300,855
12,116.7173125,Ringan,jeruk,Lempung Berpasir,13000,1100
16,108.4161706,Ringan,jeruk,Lempung Berpasir,29900,2349
14,119.3941064,Ringan,jeruk,Lempung,29100,2164
7,116.5084074,Ringan,jeruk,Lempung Berpasir,15700,1380
12,116.8130969,Ringan,jeruk,Lempung Berpasir,26700,2054
25,106.8118019,Ringan,jeruk,Lempung Berpasir,21500,1623
8,119.6946577,Ringan,jeruk,Lempung,29700,1726
5,112.9834361,Ringan,jeruk,Lempung,20400,1447
17,117.5293447,Ringan,jeruk,Lempung,24200,1837
30,103.5771468,Ringan,jeruk,Lempung,18700,1037
23,109.8585753,Ringan,jeruk,Lempung,9200,508
27,119.3936976,Ringan,jeruk,Lempung,9200,435
11,112.7194284,Ringan,jeruk,Lempung Berpasir,15000,1168
21,102.1906333,Ringan,jeruk,Lempung Berpasir,18400,1712
22,115.9787989,Ringan,jeruk,Lempung,23200,1825
18,107.9873218,Ringan,jeruk,Lempung,17700,964
10,101.5164589,Ringan,jeruk,Lempung,14700,837
16,100.1967854,Ringan,jeruk,Lempung Berpasir,14700,946
9,108.8289171,Ringan,jeruk,Lempung Berpasir,25700,1626
11,104.4224145,Ringan,jeruk,Lempung,14400,1158
15,115.3560318,Ringan,jeruk,Lempung,21300,1264
5,102.4550786,Ringan,jeruk,Lempung,28000,1413
22,112.5090516,Ringan,jeruk,Lempung Berpasir,16800,1137
15,109.7571416,Ringan,jeruk,Lempung,26700,1493
6,112.6738296,Ringan,jeruk,Lempung,11700,653
16,102.944161,Ringan,jeruk,Lempung,25200,1382
20,109.4711098,Ringan,jeruk,Lempung Berpasir,17600,1736
29,105.3437825,Ringan,jeruk,Lempung,9100,453
28,109.1549823,Ringan,jeruk,Lempung,17500,864
25,111.7793889,Ringan,jeruk,Lempung Berpasir,13900,1053
6,107.4142681,Ringan,jeruk,Lempung,9800,610
29,118.0069295,Ringan,jeruk,Lempung Berpasir,16800,1138
11,106.2944879,Ringan,jeruk,Lempung Berpasir,25800,2306
24,111.8391951,Ringan,jeruk,Lempung Berpasir,26400,2229
21,106.2696156,Ringan,jeruk,Lempung,16700,1199
29,117.6236473,Ringan,jeruk,Lempung Berpasir,17500,1776
29,109.7513927,Ringan,jeruk,Lempung,9500,677
23,113.1169398,Ringan,jeruk,Lempung,24000,1544
9,116.7555937,Ringan,jeruk,Lempung,26600,1451
5,110.6857506,Ringan,jeruk,Lempung,12600,832
12,119.3916718,Ringan,jeruk,Lempung,12200,816
20,106.060149,Ringan,jeruk,Lempung,14100,1046
8,112.7715925,Ringan,jeruk,Lempung Berpasir,25800,2286
8,117.9733424,Ringan,jeruk,Lempung Berpasir,24800,1531
21,104.7052254,Ringan,jeruk,Lempung,16800,1107
19,108.0638166,Ringan,jeruk,Lempung,25000,1216
18,106.6955204,Ringan,jeruk,Lempung Berpasir,24300,2236
15,108.0054343,Ringan,jeruk,Lempung Berpasir,17100,1378
22,100.1737964,Ringan,jeruk,Lempung Berpasir,23400,1447
25,101.1456947,Ringan,jeruk,Lempung,18800,1297
7,101.139435,Ringan,jeruk,Lempung Berpasir,25200,2178
7,115.5650287,Ringan,jeruk,Lempung,20200,1058
30,113.25373,Ringan,jeruk,Lempung,24000,1530
17,106.362551,Ringan,jeruk,Lempung Berpasir,15100,1397
23,101.4819888,Ringan,jeruk,Lempung,27300,1383
20,110.0447896,Ringan,jeruk,Lempung Berpasir,15100,1055
23,109.9455062,Ringan,jeruk,Lempung,28900,1542
14,117.1311498,Ringan,jeruk,Lempung,12000,831
11,115.1989301,Ringan,jeruk,Lempung Berpasir,28900,1791
29,100.7896871,Ringan,jeruk,Lempung Berpasir,19400,1528
24,108.0230792,Ringan,jeruk,Lempung,11000,562
8,107.4287664,Ringan,jeruk,Lempung,24300,1667
10,116.8020848,Ringan,jeruk,Lempung Berpasir,16000,1461
13,118.3271968,Ringan,jeruk,Lempung,14100,921
30,113.328978,Ringan,jeruk,Lempung Berpasir,24700,1827
8,114.3117197,Ringan,jeruk,Lempung Berpasir,16800,1045
7,113.9995146,Ringan,jeruk,Lempung,15500,1008
17,107.0862095,Ringan,jeruk,Lempung,23800,1745
26,103.2005992,Ringan,jeruk,Lempung Berpasir,17600,1300
21,191.6549412,Ringan,kopi,Lempung Berpasir,22900,1447
21,144.6861336,Ringan,kopi,Lempung,13300,650
38,136.7325092,Ringan,kopi,Lempung,22300,1127
24,147.2757818,Ringan,kopi,Lempung Berpasir,21800,987
28,122.2103248,Ringan,kopi,Lempung,22300,1057
23,139.3670753,Ringan,kopi,Lempung,10400,452
31,164.4971875,Ringan,kopi,Lempung,12300,546
25,129.8765443,Ringan,kopi,Lempung Berpasir,10300,678
18,122.8392822,Ringan,kopi,Lempung Berpasir,23000,1435
32,171.3764462,Ringan,kopi,Lempung,19500,912
36,140.6305213,Ringan,kopi,Lempung Berpasir,18400,1083
33,189.0944824,Ringan,kopi,Lempung Berpasir,18000,860
15,165.6872119,Ringan,kopi,Lempung,17000,707
30,135.1386537,Ringan,kopi,Lempung Berpasir,15300,773
39,148.9812525,Ringan,kopi,Lempung Berpasir,19100,1233
34,135.0119649,Ringan,kopi,Lempung Berpasir,22200,1208
15,161.8944624,Ringan,kopi,Lempung Berpasir,17500,770
20,175.7260273,Ringan,kopi,Lempung Berpasir,15000,892
29,194.1755471,Ringan,kopi,Lempung Berpasir,11700,696
32,124.2261737,Ringan,kopi,Lempung,24900,959
24,195.7733251,Ringan,kopi,Lempung Berpasir,27400,1709
21,190.2257843,Ringan,kopi,Lempung,10900,535
23,196.2736367,Ringan,kopi,Lempung,21100,1128
26,148.6977358,Ringan,kopi,Lempung Berpasir,11200,517
33,144.6576424,Ringan,kopi,Lempung Berpasir,10500,681
25,180.5059257,Ringan,kopi,Lempung Berpasir,27000,1214
26,192.4280381,Ringan,kopi,Lempung Berpasir,24200,1463
18,167.4358075,Ringan,kopi,Lempung Berpasir,25000,1555
27,191.3980675,Ringan,kopi,Lempung Berpasir,24800,1182
39,117.3113562,Ringan,kopi,Lempung,18700,701
27,197.6439711,Ringan,kopi,Lempung,13400,545
21,119.6324109,Ringan,kopi,Lempung,21200,901
27,126.1752206,Ringan,kopi,Lempung Berpasir,11200,742
24,120.6494434,Ringan,kopi,Lempung Berpasir,26100,1713
31,191.4508931,Ringan,kopi,Lempung,22000,1143
35,117.9389993,Ringan,kopi,Lempung,28700,1305
27,168.2644287,Ringan,kopi,Lempung,20200,1075
40,115.1564012,Ringan,kopi,Lempung,13800,669
40,122.6847408,Ringan,kopi,Lempung Berpasir,16500,1101
21,176.9020924,Ringan,kopi,Lempung,22400,999
34,124.4135035,Ringan,kopi,Lempung,17600,608
30,148.3771202,Ringan,kopi,Lempung Berpasir,15500,936
21,181.6368274,Ringan,kopi,Lempung,15900,655
33,153.477776,Ringan,kopi,Lempung Berpasir,15000,780
23,193.7461968,Ringan,kopi,Lempung,22500,808
15,190.2440566,Ringan,kopi,Lempung Berpasir,28600,1567
29,199.4735636,Ringan,kopi,Lempung Berpasir,15900,869
29,139.8619431,Ringan,kopi,Lempung,10300,484
35,133.1120232,Ringan,kopi,Lempung,13000,463
29,156.1543898,Ringan,kopi,Lempung Berpasir,22400,1371
33,139.5013171,Ringan,kopi,Lempung,29800,1394
17,196.6492664,Ringan,kopi,Lempung Berpasir,26500,1700
19,130.6377143,Ringan,kopi,Lempung Berpasir,21800,1236
20,130.3797119,Ringan,kopi,Lempung,21400,716
27,192.8736822,Ringan,kopi,Lempung Berpasir,21600,1184
40,177.816092,Ringan,kopi,Lempung Berpasir,10200,629
35,161.5279095,Ringan,kopi,Lempung Berpasir,28400,1752
31,122.4073418,Ringan,kopi,Lempung,27900,1003
28,168.8383605,Ringan,kopi,Lempung,24100,996
24,184.4103931,Ringan,kopi,Lempung Berpasir,29300,2077
26,177.3176161,Ringan,kopi,Lempung,15900,637
28,152.0616227,Ringan,kopi,Lempung,12300,470
40,121.5586297,Ringan,kopi,Lempung,9500,331
38,156.1457255,Ringan,kopi,Lempung Berpasir,20100,1009
40,171.6976946,Ringan,kopi,Lempung,12500,595
22,185.1568059,Ringan,kopi,Lempung Berpasir,13700,695
40,163.2708732,Ringan,kopi,Lempung,9000,310
28,175.3723314,Ringan,kopi,Lempung,25400,1301
39,147.8035305,Ringan,kopi,Lempung Berpasir,9200,438
28,192.7121236,Ringan,kopi,Lempung,27100,1103
20,193.5866233,Ringan,kopi,Lempung,16500,702
26,115.2325531,Ringan,kopi,Lempung Berpasir,10900,555
29,161.3432535,Ringan,kopi,Lempung Berpasir,20100,951
30,163.6269496,Ringan,kopi,Lempung,24400,953
40,129.5481144,Ringan,kopi,Lempung,26200,1110
37,192.4288139,Ringan,kopi,Lempung Berpasir,28500,1449
40,136.3027766,Ringan,kopi,Lempung Berpasir,12500,830
37,162.5769606,Ringan,kopi,Lempung Berpasir,25500,1703
18,171.8839938,Ringan,kopi,Lempung Berpasir,14800,793
23,194.8773479,Ringan,kopi,Lempung Berpasir,16200,868
18,134.6803969,Ringan,kopi,Lempung,22500,825
31,158.8608887,Ringan,kopi,Lempung Berpasir,13800,785
33,126.8073984,Ringan,kopi,Lempung Berpasir,29800,1344
26,137.7044047,Ringan,kopi,Lempung,24400,984
35,143.9955548,Ringan,kopi,Lempung Berpasir,10400,485
36,156.6810374,Ringan,kopi,Lempung,14400,581
38,145.105065,Ringan,kopi,Lempung Berpasir,27900,1182
33,142.8610793,Ringan,kopi,Lempung Berpasir,28400,1453
31,153.1201644,Ringan,kopi,Lempung,19700,670
16,186.1728203,Ringan,kopi,Lempung Berpasir,26300,1699
40,141.4831644,Ringan,kopi,Lempung Berpasir,23200,1199
31,181.4170812,Ringan,kopi,Lempung Berpasir,9600,537
21,188.5506536,Ringan,kopi,Lempung Berpasir,11600,549
38,183.468585,Ringan,kopi,Lempung Berpasir,28400,1555
35,166.2549307,Ringan,kopi,Lempung,10600,358
34,177.7745075,Ringan,kopi,Lempung Berpasir,17600,1117
15,127.92461,Ringan,kopi,Lempung Berpasir,12000,641
33,173.3228386,Ringan,kopi,Lempung,16000,726
32,127.1752928,Ringan,kopi,Lempung,15300,678
18,140.9370415,Ringan,kopi,Lempung,10100,366
